2019-07-18_04961_1.png,0
2019-07-18_04961_4.png,0
2019-04-21_01017_0.png,1
2019-04-21_01017_1.png,1
2019-04-21_01017_10.png,1
2019-04-21_01017_11.png,1
2019-04-21_01017_12.png,1
2019-04-21_01017_13.png,1
2019-04-21_01017_14.png,1
2019-04-21_01017_15.png,1
2019-04-21_01017_16.png,1
2019-04-21_01017_17.png,1
2019-04-21_01017_18.png,1
2019-04-21_01017_19.png,1
2019-04-21_01017_2.png,1
2019-04-21_01017_20.png,1
2019-04-21_01017_21.png,1
2019-04-21_01017_22.png,1
2019-04-21_01017_23.png,1
2019-04-21_01017_24.png,1
2019-04-21_01017_25.png,1
2019-04-21_01017_26.png,1
2019-04-21_01017_27.png,1
2019-04-21_01017_28.png,1
2019-04-21_01017_29.png,1
2019-04-21_01017_3.png,1
2019-04-21_01017_30.png,1
2019-04-21_01017_31.png,1
2019-04-21_01017_32.png,1
2019-04-21_01017_33.png,1
2019-04-21_01017_34.png,1
2019-04-21_01017_35.png,1
2019-04-21_01017_36.png,1
2019-04-21_01017_37.png,1
2019-04-21_01017_38.png,1
2019-04-21_01017_39.png,1
2019-04-21_01017_4.png,1
2019-04-21_01017_40.png,1
2019-04-21_01017_41.png,1
2019-04-21_01017_5.png,1
2019-04-21_01017_6.png,1
2019-04-21_01017_7.png,1
2019-04-21_01017_8.png,1
2019-04-21_01017_9.png,1
2019-04-21_01020_0.png,1
2019-04-21_01020_1.png,1
2019-04-21_01020_10.png,1
2019-04-21_01020_11.png,1
2019-04-21_01020_12.png,1
2019-04-21_01020_13.png,1
2019-04-21_01020_14.png,1
2019-04-21_01020_15.png,1
2019-04-21_01020_16.png,1
2019-04-21_01020_17.png,1
2019-04-21_01020_18.png,1
2019-04-21_01020_19.png,1
2019-04-21_01020_2.png,1
2019-04-21_01020_20.png,1
2019-04-21_01020_21.png,1
2019-04-21_01020_22.png,1
2019-04-21_01020_23.png,1
2019-04-21_01020_24.png,1
2019-04-21_01020_25.png,1
2019-04-21_01020_3.png,1
2019-04-21_01020_4.png,1
2019-04-21_01020_5.png,1
2019-04-21_01020_6.png,1
2019-04-21_01020_7.png,1
2019-04-21_01020_8.png,1
2019-04-21_01020_9.png,1
2019-06-25_02644_0.png,1
2019-06-25_02644_1.png,1
2019-06-25_02644_10.png,1
2019-06-25_02644_11.png,1
2019-06-25_02644_12.png,1
2019-06-25_02644_13.png,1
2019-06-25_02644_14.png,1
2019-06-25_02644_15.png,1
2019-06-25_02644_16.png,1
2019-06-25_02644_17.png,1
2019-06-25_02644_18.png,1
2019-06-25_02644_19.png,1
2019-06-25_02644_2.png,1
2019-06-25_02644_20.png,1
2019-06-25_02644_21.png,1
2019-06-25_02644_22.png,1
2019-06-25_02644_23.png,1
2019-06-25_02644_24.png,1
2019-06-25_02644_25.png,1
2019-06-25_02644_26.png,1
2019-06-25_02644_27.png,1
2019-06-25_02644_28.png,1
2019-06-25_02644_29.png,1
2019-06-25_02644_3.png,1
2019-06-25_02644_30.png,1
2019-06-25_02644_31.png,1
2019-06-25_02644_32.png,1
2019-06-25_02644_33.png,1
2019-06-25_02644_34.png,1
2019-06-25_02644_35.png,1
2019-06-25_02644_36.png,1
2019-06-25_02644_37.png,1
2019-06-25_02644_38.png,1
2019-06-25_02644_39.png,1
2019-06-25_02644_4.png,1
2019-06-25_02644_40.png,1
2019-06-25_02644_41.png,1
2019-06-25_02644_42.png,1
2019-06-25_02644_43.png,1
2019-06-25_02644_44.png,1
2019-06-25_02644_45.png,1
2019-06-25_02644_46.png,1
2019-06-25_02644_47.png,1
2019-06-25_02644_48.png,1
2019-06-25_02644_49.png,1
2019-06-25_02644_5.png,1
2019-06-25_02644_50.png,1
2019-06-25_02644_51.png,1
2019-06-25_02644_52.png,1
2019-06-25_02644_53.png,1
2019-06-25_02644_54.png,1
2019-06-25_02644_55.png,1
2019-06-25_02644_56.png,1
2019-06-25_02644_57.png,1
2019-06-25_02644_58.png,1
2019-06-25_02644_59.png,1
2019-06-25_02644_6.png,1
2019-06-25_02644_60.png,1
2019-06-25_02644_61.png,1
2019-06-25_02644_62.png,1
2019-06-25_02644_63.png,1
2019-06-25_02644_64.png,1
2019-06-25_02644_65.png,1
2019-06-25_02644_66.png,1
2019-06-25_02644_67.png,1
2019-06-25_02644_7.png,1
2019-06-25_02644_8.png,1
2019-06-25_02644_9.png,1
2019-06-25_02646_0.png,1
2019-06-25_02646_1.png,1
2019-06-25_02646_2.png,1
2019-06-25_02646_3.png,1
2019-06-25_02646_4.png,1
2019-06-25_02646_5.png,1
2019-06-26_02773_0.png,1
2019-06-26_02773_1.png,1
2019-06-26_02773_2.png,1
2019-06-26_02773_3.png,1
2019-06-26_02773_4.png,1
2019-06-26_02773_5.png,1
2019-06-26_02773_6.png,1
2019-06-26_02774_0.png,1
2019-06-26_02774_1.png,1
2019-06-26_02774_2.png,1
2019-06-26_02774_3.png,1
2019-06-26_02774_4.png,1
2019-06-26_02774_5.png,1
2019-06-26_02774_6.png,1
2019-06-26_02774_7.png,1
2019-06-26_02774_8.png,1
2019-06-26_02775_0.png,1
2019-06-26_02775_1.png,1
2019-06-26_02775_2.png,1
2019-06-26_02775_3.png,1
2019-06-26_02775_4.png,1
2019-06-26_02775_5.png,1
2019-06-26_02775_6.png,1
2019-06-26_02775_7.png,1
2019-06-26_02775_8.png,1
2019-06-26_02775_9.png,1
2019-06-27_03017_0.png,1
2019-06-27_03017_1.png,1
2019-06-27_03017_10.png,1
2019-06-27_03017_11.png,1
2019-06-27_03017_12.png,1
2019-06-27_03017_13.png,1
2019-06-27_03017_14.png,1
2019-06-27_03017_15.png,1
2019-06-27_03017_16.png,1
2019-06-27_03017_2.png,1
2019-06-27_03017_3.png,1
2019-06-27_03017_4.png,1
2019-06-27_03017_5.png,1
2019-06-27_03017_6.png,1
2019-06-27_03017_7.png,1
2019-06-27_03017_8.png,1
2019-06-27_03017_9.png,1
2019-06-27_03019_0.png,1
2019-06-27_03019_1.png,1
2019-06-27_03019_10.png,1
2019-06-27_03019_11.png,1
2019-06-27_03019_12.png,1
2019-06-27_03019_2.png,1
2019-06-27_03019_3.png,1
2019-06-27_03019_4.png,1
2019-06-27_03019_5.png,1
2019-06-27_03019_6.png,1
2019-06-27_03019_7.png,1
2019-06-27_03019_8.png,1
2019-06-27_03019_9.png,1
2019-06-27_03024_0.png,1
2019-06-27_03024_1.png,1
2019-06-27_03024_2.png,1
2019-06-27_03024_3.png,1
2019-06-27_03024_4.png,1
2019-06-27_03141_0.png,1
2019-06-27_03141_1.png,1
2019-06-27_03141_10.png,1
2019-06-27_03141_11.png,1
2019-06-27_03141_12.png,1
2019-06-27_03141_13.png,1
2019-06-27_03141_14.png,1
2019-06-27_03141_15.png,1
2019-06-27_03141_16.png,1
2019-06-27_03141_17.png,1
2019-06-27_03141_18.png,1
2019-06-27_03141_19.png,1
2019-06-27_03141_2.png,1
2019-06-27_03141_20.png,1
2019-06-27_03141_21.png,1
2019-06-27_03141_22.png,1
2019-06-27_03141_23.png,1
2019-06-27_03141_24.png,1
2019-06-27_03141_25.png,1
2019-06-27_03141_26.png,1
2019-06-27_03141_27.png,1
2019-06-27_03141_28.png,1
2019-06-27_03141_29.png,1
2019-06-27_03141_3.png,1
2019-06-27_03141_30.png,1
2019-06-27_03141_31.png,1
2019-06-27_03141_32.png,1
2019-06-27_03141_33.png,1
2019-06-27_03141_34.png,1
2019-06-27_03141_35.png,1
2019-06-27_03141_36.png,1
2019-06-27_03141_37.png,1
2019-06-27_03141_38.png,1
2019-06-27_03141_39.png,1
2019-06-27_03141_4.png,1
2019-06-27_03141_5.png,1
2019-06-27_03141_6.png,1
2019-06-27_03141_7.png,1
2019-06-27_03141_8.png,1
2019-06-27_03141_9.png,1
2019-06-27_03142_0.png,1
2019-06-27_03142_1.png,1
2019-06-27_03142_10.png,1
2019-06-27_03142_11.png,1
2019-06-27_03142_12.png,1
2019-06-27_03142_13.png,1
2019-06-27_03142_14.png,1
2019-06-27_03142_15.png,1
2019-06-27_03142_16.png,1
2019-06-27_03142_17.png,1
2019-06-27_03142_18.png,1
2019-06-27_03142_19.png,1
2019-06-27_03142_2.png,1
2019-06-27_03142_20.png,1
2019-06-27_03142_21.png,1
2019-06-27_03142_22.png,1
2019-06-27_03142_23.png,1
2019-06-27_03142_24.png,1
2019-06-27_03142_25.png,1
2019-06-27_03142_26.png,1
2019-06-27_03142_27.png,1
2019-06-27_03142_28.png,1
2019-06-27_03142_29.png,1
2019-06-27_03142_3.png,1
2019-06-27_03142_30.png,1
2019-06-27_03142_31.png,1
2019-06-27_03142_32.png,1
2019-06-27_03142_33.png,1
2019-06-27_03142_34.png,1
2019-06-27_03142_35.png,1
2019-06-27_03142_36.png,1
2019-06-27_03142_37.png,1
2019-06-27_03142_38.png,1
2019-06-27_03142_39.png,1
2019-06-27_03142_4.png,1
2019-06-27_03142_40.png,1
2019-06-27_03142_41.png,1
2019-06-27_03142_42.png,1
2019-06-27_03142_43.png,1
2019-06-27_03142_44.png,1
2019-06-27_03142_45.png,1
2019-06-27_03142_46.png,1
2019-06-27_03142_47.png,1
2019-06-27_03142_48.png,1
2019-06-27_03142_49.png,1
2019-06-27_03142_5.png,1
2019-06-27_03142_50.png,1
2019-06-27_03142_51.png,1
2019-06-27_03142_6.png,1
2019-06-27_03142_7.png,1
2019-06-27_03142_8.png,1
2019-06-27_03142_9.png,1
2019-06-27_03146_0.png,1
2019-06-27_03146_1.png,1
2019-06-27_03146_2.png,1
2019-06-29_03882_0.png,1
2019-06-29_03882_1.png,1
2019-06-29_03882_12.png,1
2019-06-29_03882_14.png,1
2019-06-29_03882_18.png,1
2019-06-29_03882_22.png,1
2019-06-29_03882_29.png,1
2019-06-29_03882_30.png,1
2019-06-29_03882_35.png,1
2019-06-29_03882_37.png,1
2019-06-29_03882_4.png,1
2019-06-29_03882_5.png,1
2019-06-29_03882_52.png,1
2019-06-29_03882_6.png,1
2019-06-29_03882_7.png,1
2019-07-17_04645_0.png,1
2019-07-17_04645_1.png,1
2019-07-17_04645_10.png,1
2019-07-17_04645_11.png,1
2019-07-17_04645_12.png,1
2019-07-17_04645_13.png,1
2019-07-17_04645_14.png,1
2019-07-17_04645_15.png,1
2019-07-17_04645_16.png,1
2019-07-17_04645_17.png,1
2019-07-17_04645_18.png,1
2019-07-17_04645_19.png,1
2019-07-17_04645_2.png,1
2019-07-17_04645_20.png,1
2019-07-17_04645_21.png,1
2019-07-17_04645_22.png,1
2019-07-17_04645_23.png,1
2019-07-17_04645_24.png,1
2019-07-17_04645_25.png,1
2019-07-17_04645_26.png,1
2019-07-17_04645_27.png,1
2019-07-17_04645_28.png,1
2019-07-17_04645_29.png,1
2019-07-17_04645_3.png,1
2019-07-17_04645_30.png,1
2019-07-17_04645_31.png,1
2019-07-17_04645_32.png,1
2019-07-17_04645_33.png,1
2019-07-17_04645_34.png,1
2019-07-17_04645_35.png,1
2019-07-17_04645_36.png,1
2019-07-17_04645_37.png,1
2019-07-17_04645_38.png,1
2019-07-17_04645_39.png,1
2019-07-17_04645_4.png,1
2019-07-17_04645_40.png,1
2019-07-17_04645_41.png,1
2019-07-17_04645_42.png,1
2019-07-17_04645_43.png,1
2019-07-17_04645_44.png,1
2019-07-17_04645_45.png,1
2019-07-17_04645_46.png,1
2019-07-17_04645_47.png,1
2019-07-17_04645_48.png,1
2019-07-17_04645_5.png,1
2019-07-17_04645_6.png,1
2019-07-17_04645_7.png,1
2019-07-17_04645_8.png,1
2019-07-17_04645_9.png,1
2019-07-18_05010_0.png,1
2019-07-18_05010_1.png,1
2019-07-18_05010_10.png,1
2019-07-18_05010_11.png,1
2019-07-18_05010_12.png,1
2019-07-18_05010_13.png,1
2019-07-18_05010_14.png,1
2019-07-18_05010_2.png,1
2019-07-18_05010_3.png,1
2019-07-18_05010_4.png,1
2019-07-18_05010_5.png,1
2019-07-18_05010_6.png,1
2019-07-18_05010_7.png,1
2019-07-18_05010_8.png,1
2019-07-18_05010_9.png,1
2019-07-18_05014_0.png,1
2019-07-18_05014_1.png,1
2019-07-18_05014_10.png,1
2019-07-18_05014_11.png,1
2019-07-18_05014_12.png,1
2019-07-18_05014_13.png,1
2019-07-18_05014_14.png,1
2019-07-18_05014_15.png,1
2019-07-18_05014_16.png,1
2019-07-18_05014_17.png,1
2019-07-18_05014_18.png,1
2019-07-18_05014_19.png,1
2019-07-18_05014_2.png,1
2019-07-18_05014_20.png,1
2019-07-18_05014_21.png,1
2019-07-18_05014_22.png,1
2019-07-18_05014_23.png,1
2019-07-18_05014_24.png,1
2019-07-18_05014_25.png,1
2019-07-18_05014_26.png,1
2019-07-18_05014_27.png,1
2019-07-18_05014_28.png,1
2019-07-18_05014_29.png,1
2019-07-18_05014_3.png,1
2019-07-18_05014_30.png,1
2019-07-18_05014_31.png,1
2019-07-18_05014_32.png,1
2019-07-18_05014_4.png,1
2019-07-18_05014_5.png,1
2019-07-18_05014_6.png,1
2019-07-18_05014_7.png,1
2019-07-18_05014_8.png,1
2019-07-18_05014_9.png,1
2019-04-22_01832_0.png,2
2019-04-22_01832_1.png,2
2019-04-22_01832_10.png,2
2019-04-22_01832_11.png,2
2019-04-22_01832_12.png,2
2019-04-22_01832_13.png,2
2019-04-22_01832_14.png,2
2019-04-22_01832_15.png,2
2019-04-22_01832_16.png,2
2019-04-22_01832_17.png,2
2019-04-22_01832_18.png,2
2019-04-22_01832_19.png,2
2019-04-22_01832_2.png,2
2019-04-22_01832_20.png,2
2019-04-22_01832_21.png,2
2019-04-22_01832_22.png,2
2019-04-22_01832_3.png,2
2019-04-22_01832_4.png,2
2019-04-22_01832_5.png,2
2019-04-22_01832_6.png,2
2019-04-22_01832_7.png,2
2019-04-22_01832_8.png,2
2019-04-22_01832_9.png,2
2019-05-29_02084_0.png,2
2019-05-29_02084_1.png,2
2019-05-29_02084_10.png,2
2019-05-29_02084_11.png,2
2019-05-29_02084_12.png,2
2019-05-29_02084_13.png,2
2019-05-29_02084_14.png,2
2019-05-29_02084_15.png,2
2019-05-29_02084_16.png,2
2019-05-29_02084_17.png,2
2019-05-29_02084_18.png,2
2019-05-29_02084_19.png,2
2019-05-29_02084_2.png,2
2019-05-29_02084_20.png,2
2019-05-29_02084_21.png,2
2019-05-29_02084_22.png,2
2019-05-29_02084_23.png,2
2019-05-29_02084_24.png,2
2019-05-29_02084_25.png,2
2019-05-29_02084_26.png,2
2019-05-29_02084_27.png,2
2019-05-29_02084_28.png,2
2019-05-29_02084_29.png,2
2019-05-29_02084_3.png,2
2019-05-29_02084_30.png,2
2019-05-29_02084_31.png,2
2019-05-29_02084_32.png,2
2019-05-29_02084_33.png,2
2019-05-29_02084_34.png,2
2019-05-29_02084_35.png,2
2019-05-29_02084_36.png,2
2019-05-29_02084_37.png,2
2019-05-29_02084_38.png,2
2019-05-29_02084_39.png,2
2019-05-29_02084_4.png,2
2019-05-29_02084_40.png,2
2019-05-29_02084_41.png,2
2019-05-29_02084_42.png,2
2019-05-29_02084_43.png,2
2019-05-29_02084_5.png,2
2019-05-29_02084_6.png,2
2019-05-29_02084_7.png,2
2019-05-29_02084_8.png,2
2019-05-29_02084_9.png,2
2019-06-25_02600_0.png,2
2019-06-25_02711_0.png,2
2019-06-25_02711_1.png,2
2019-06-25_02711_10.png,2
2019-06-25_02711_11.png,2
2019-06-25_02711_12.png,2
2019-06-25_02711_13.png,2
2019-06-25_02711_14.png,2
2019-06-25_02711_15.png,2
2019-06-25_02711_16.png,2
2019-06-25_02711_17.png,2
2019-06-25_02711_18.png,2
2019-06-25_02711_19.png,2
2019-06-25_02711_2.png,2
2019-06-25_02711_20.png,2
2019-06-25_02711_21.png,2
2019-06-25_02711_22.png,2
2019-06-25_02711_3.png,2
2019-06-25_02711_4.png,2
2019-06-25_02711_5.png,2
2019-06-25_02711_6.png,2
2019-06-25_02711_7.png,2
2019-06-25_02711_8.png,2
2019-06-25_02711_9.png,2
2019-06-25_02712_0.png,2
2019-06-25_02712_1.png,2
2019-06-25_02712_10.png,2
2019-06-25_02712_11.png,2
2019-06-25_02712_12.png,2
2019-06-25_02712_13.png,2
2019-06-25_02712_14.png,2
2019-06-25_02712_2.png,2
2019-06-25_02712_3.png,2
2019-06-25_02712_4.png,2
2019-06-25_02712_5.png,2
2019-06-25_02712_6.png,2
2019-06-25_02712_7.png,2
2019-06-25_02712_8.png,2
2019-06-25_02712_9.png,2
2019-06-25_02713_0.png,2
2019-06-25_02713_1.png,2
2019-06-25_02713_10.png,2
2019-06-25_02713_11.png,2
2019-06-25_02713_2.png,2
2019-06-25_02713_3.png,2
2019-06-25_02713_4.png,2
2019-06-25_02713_5.png,2
2019-06-25_02713_6.png,2
2019-06-25_02713_7.png,2
2019-06-25_02713_8.png,2
2019-06-25_02713_9.png,2
2019-06-25_02714_0.png,2
2019-06-25_02714_1.png,2
2019-06-25_02714_10.png,2
2019-06-25_02714_11.png,2
2019-06-25_02714_12.png,2
2019-06-25_02714_13.png,2
2019-06-25_02714_14.png,2
2019-06-25_02714_15.png,2
2019-06-25_02714_2.png,2
2019-06-25_02714_3.png,2
2019-06-25_02714_4.png,2
2019-06-25_02714_5.png,2
2019-06-25_02714_6.png,2
2019-06-25_02714_7.png,2
2019-06-25_02714_8.png,2
2019-06-25_02714_9.png,2
2019-06-25_02715_0.png,2
2019-06-25_02715_1.png,2
2019-06-25_02715_10.png,2
2019-06-25_02715_2.png,2
2019-06-25_02715_3.png,2
2019-06-25_02715_4.png,2
2019-06-25_02715_5.png,2
2019-06-25_02715_6.png,2
2019-06-25_02715_7.png,2
2019-06-25_02715_8.png,2
2019-06-25_02715_9.png,2
2019-06-25_02717_0.png,2
2019-06-25_02717_1.png,2
2019-06-25_02717_2.png,2
2019-06-25_02717_3.png,2
2019-06-25_02719_0.png,2
2019-06-25_02719_1.png,2
2019-06-25_02719_2.png,2
2019-06-25_02724_0.png,2
2019-06-26_02961_0.png,2
2019-06-26_02961_1.png,2
2019-06-26_02961_2.png,2
2019-06-26_02975_0.png,2
2019-06-26_02975_1.png,2
2019-06-29_03840_0.png,2
2019-06-29_03840_1.png,2
2019-06-29_03840_10.png,2
2019-06-29_03840_11.png,2
2019-06-29_03840_12.png,2
2019-06-29_03840_13.png,2
2019-06-29_03840_14.png,2
2019-06-29_03840_15.png,2
2019-06-29_03840_16.png,2
2019-06-29_03840_17.png,2
2019-06-29_03840_2.png,2
2019-06-29_03840_3.png,2
2019-06-29_03840_4.png,2
2019-06-29_03840_5.png,2
2019-06-29_03840_6.png,2
2019-06-29_03840_7.png,2
2019-06-29_03840_8.png,2
2019-06-29_03840_9.png,2
2019-06-29_03845_0.png,2
2019-06-29_03845_1.png,2
2019-06-29_03845_2.png,2
2019-06-29_03845_3.png,2
2019-06-29_03845_4.png,2
2019-07-17_04720_0.png,2
2019-07-17_04720_1.png,2
2019-07-17_04720_2.png,2
2019-07-17_04720_3.png,2
2019-07-17_04720_4.png,2
2019-07-17_04720_5.png,2
2019-07-17_04720_6.png,2
2019-07-17_04720_7.png,2
2019-07-17_04720_8.png,2
2019-07-17_04720_9.png,2
2019-07-18_04961_0.png,2
2019-07-18_04961_2.png,2
2019-07-18_04961_3.png,2
2019-07-18_04961_5.png,2
2019-07-18_04961_6.png,2
2019-07-18_04961_7.png,2
2019-07-18_04961_8.png,2
2019-07-18_04961_9.png,2
2019-07-18_04962_0.png,2
2019-07-18_04962_1.png,2
2019-07-18_04962_10.png,2
2019-07-18_04962_11.png,2
2019-07-18_04962_12.png,2
2019-07-18_04962_13.png,2
2019-07-18_04962_14.png,2
2019-07-18_04962_15.png,2
2019-07-18_04962_16.png,2
2019-07-18_04962_2.png,2
2019-07-18_04962_3.png,2
2019-07-18_04962_4.png,2
2019-07-18_04962_5.png,2
2019-07-18_04962_6.png,2
2019-07-18_04962_7.png,2
2019-07-18_04962_8.png,2
2019-07-18_04962_9.png,2
2019-07-18_04965_0.png,2
2019-07-18_04965_1.png,2
2019-07-18_04965_10.png,2
2019-07-18_04965_11.png,2
2019-07-18_04965_12.png,2
2019-07-18_04965_13.png,2
2019-07-18_04965_2.png,2
2019-07-18_04965_3.png,2
2019-07-18_04965_4.png,2
2019-07-18_04965_5.png,2
2019-07-18_04965_6.png,2
2019-07-18_04965_7.png,2
2019-07-18_04965_8.png,2
2019-07-18_04965_9.png,2
2019-07-18_04967_0.png,2
2019-07-18_04967_1.png,2
2019-07-18_04967_10.png,2
2019-07-18_04967_11.png,2
2019-07-18_04967_12.png,2
2019-07-18_04967_13.png,2
2019-07-18_04967_14.png,2
2019-07-18_04967_15.png,2
2019-07-18_04967_16.png,2
2019-07-18_04967_17.png,2
2019-07-18_04967_18.png,2
2019-07-18_04967_19.png,2
2019-07-18_04967_2.png,2
2019-07-18_04967_3.png,2
2019-07-18_04967_4.png,2
2019-07-18_04967_5.png,2
2019-07-18_04967_6.png,2
2019-07-18_04967_7.png,2
2019-07-18_04967_8.png,2
2019-07-18_04967_9.png,2
2019-07-18_05089_0.png,2
2019-07-18_05089_1.png,2
2019-07-18_05089_10.png,2
2019-07-18_05089_2.png,2
2019-07-18_05089_3.png,2
2019-07-18_05089_4.png,2
2019-07-18_05089_5.png,2
2019-07-18_05089_6.png,2
2019-07-18_05089_7.png,2
2019-07-18_05089_8.png,2
2019-07-18_05089_9.png,2
2019-07-18_05090_0.png,2
2019-07-18_05090_1.png,2
2019-07-18_05090_10.png,2
2019-07-18_05090_11.png,2
2019-07-18_05090_12.png,2
2019-07-18_05090_13.png,2
2019-07-18_05090_14.png,2
2019-07-18_05090_15.png,2
2019-07-18_05090_16.png,2
2019-07-18_05090_2.png,2
2019-07-18_05090_3.png,2
2019-07-18_05090_4.png,2
2019-07-18_05090_5.png,2
2019-07-18_05090_6.png,2
2019-07-18_05090_7.png,2
2019-07-18_05090_8.png,2
2019-07-18_05090_9.png,2
2019-07-18_05095_0.png,2
2019-07-18_05095_1.png,2
2019-07-18_05095_2.png,2
2019-04-21_01036_0.png,3
2019-04-21_01036_1.png,3
2019-04-21_01036_10.png,3
2019-04-21_01036_11.png,3
2019-04-21_01036_12.png,3
2019-04-21_01036_13.png,3
2019-04-21_01036_14.png,3
2019-04-21_01036_15.png,3
2019-04-21_01036_16.png,3
2019-04-21_01036_17.png,3
2019-04-21_01036_18.png,3
2019-04-21_01036_19.png,3
2019-04-21_01036_2.png,3
2019-04-21_01036_3.png,3
2019-04-21_01036_4.png,3
2019-04-21_01036_5.png,3
2019-04-21_01036_6.png,3
2019-04-21_01036_7.png,3
2019-04-21_01036_8.png,3
2019-04-21_01036_9.png,3
2019-06-25_02665_0.png,3
2019-06-25_02665_1.png,3
2019-06-25_02665_10.png,3
2019-06-25_02665_11.png,3
2019-06-25_02665_12.png,3
2019-06-25_02665_13.png,3
2019-06-25_02665_14.png,3
2019-06-25_02665_15.png,3
2019-06-25_02665_16.png,3
2019-06-25_02665_17.png,3
2019-06-25_02665_18.png,3
2019-06-25_02665_19.png,3
2019-06-25_02665_2.png,3
2019-06-25_02665_20.png,3
2019-06-25_02665_21.png,3
2019-06-25_02665_22.png,3
2019-06-25_02665_23.png,3
2019-06-25_02665_24.png,3
2019-06-25_02665_25.png,3
2019-06-25_02665_3.png,3
2019-06-25_02665_4.png,3
2019-06-25_02665_5.png,3
2019-06-25_02665_6.png,3
2019-06-25_02665_7.png,3
2019-06-25_02665_8.png,3
2019-06-25_02665_9.png,3
2019-06-27_03160_0.png,3
2019-06-27_03160_1.png,3
2019-06-27_03160_10.png,3
2019-06-27_03160_2.png,3
2019-06-27_03160_3.png,3
2019-06-27_03160_4.png,3
2019-06-27_03160_5.png,3
2019-06-27_03160_6.png,3
2019-06-27_03160_7.png,3
2019-06-27_03160_8.png,3
2019-06-27_03160_9.png,3
2019-06-27_03161_0.png,3
2019-06-27_03161_1.png,3
2019-06-27_03161_2.png,3
2019-06-27_03162_0.png,3
2019-06-27_03162_1.png,3
2019-06-27_03162_10.png,3
2019-06-27_03162_11.png,3
2019-06-27_03162_12.png,3
2019-06-27_03162_13.png,3
2019-06-27_03162_14.png,3
2019-06-27_03162_15.png,3
2019-06-27_03162_16.png,3
2019-06-27_03162_17.png,3
2019-06-27_03162_2.png,3
2019-06-27_03162_3.png,3
2019-06-27_03162_4.png,3
2019-06-27_03162_5.png,3
2019-06-27_03162_6.png,3
2019-06-27_03162_7.png,3
2019-06-27_03162_8.png,3
2019-06-27_03162_9.png,3
2019-06-27_03165_0.png,3
2019-06-27_03165_1.png,3
2019-06-27_03165_10.png,3
2019-06-27_03165_11.png,3
2019-06-27_03165_12.png,3
2019-06-27_03165_13.png,3
2019-06-27_03165_14.png,3
2019-06-27_03165_15.png,3
2019-06-27_03165_16.png,3
2019-06-27_03165_17.png,3
2019-06-27_03165_18.png,3
2019-06-27_03165_2.png,3
2019-06-27_03165_3.png,3
2019-06-27_03165_4.png,3
2019-06-27_03165_5.png,3
2019-06-27_03165_6.png,3
2019-06-27_03165_7.png,3
2019-06-27_03165_8.png,3
2019-06-27_03165_9.png,3
2019-06-29_03289_0.png,3
2019-06-29_03289_1.png,3
2019-06-29_03289_10.png,3
2019-06-29_03289_11.png,3
2019-06-29_03289_12.png,3
2019-06-29_03289_13.png,3
2019-06-29_03289_14.png,3
2019-06-29_03289_15.png,3
2019-06-29_03289_16.png,3
2019-06-29_03289_17.png,3
2019-06-29_03289_2.png,3
2019-06-29_03289_3.png,3
2019-06-29_03289_4.png,3
2019-06-29_03289_5.png,3
2019-06-29_03289_6.png,3
2019-06-29_03289_7.png,3
2019-06-29_03289_8.png,3
2019-06-29_03289_9.png,3
2019-07-17_04667_0.png,3
2019-07-17_04667_1.png,3
2019-07-17_04667_10.png,3
2019-07-17_04667_2.png,3
2019-07-17_04667_3.png,3
2019-07-17_04667_4.png,3
2019-07-17_04667_5.png,3
2019-07-17_04667_6.png,3
2019-07-17_04667_7.png,3
2019-07-17_04667_8.png,3
2019-07-17_04667_9.png,3
2019-07-18_05064_0.png,3
2019-07-18_05064_1.png,3
2019-07-18_05064_2.png,3
2019-07-18_05064_3.png,3
2019-07-18_05064_4.png,3
2019-07-18_05064_5.png,3
2019-07-18_05064_6.png,3
2019-07-18_05064_7.png,3
2019-07-18_05072_0.png,3
2019-07-18_05072_1.png,3
2019-07-18_05072_2.png,3
2019-07-18_05072_3.png,3
2019-07-18_05072_4.png,3
2019-04-01_00157_0.png,4
2019-04-01_00157_1.png,4
2019-04-01_00157_10.png,4
2019-04-01_00157_11.png,4
2019-04-01_00157_12.png,4
2019-04-01_00157_13.png,4
2019-04-01_00157_14.png,4
2019-04-01_00157_15.png,4
2019-04-01_00157_16.png,4
2019-04-01_00157_17.png,4
2019-04-01_00157_18.png,4
2019-04-01_00157_19.png,4
2019-04-01_00157_2.png,4
2019-04-01_00157_20.png,4
2019-04-01_00157_21.png,4
2019-04-01_00157_22.png,4
2019-04-01_00157_23.png,4
2019-04-01_00157_24.png,4
2019-04-01_00157_25.png,4
2019-04-01_00157_26.png,4
2019-04-01_00157_27.png,4
2019-04-01_00157_3.png,4
2019-04-01_00157_4.png,4
2019-04-01_00157_5.png,4
2019-04-01_00157_6.png,4
2019-04-01_00157_7.png,4
2019-04-01_00157_8.png,4
2019-04-01_00157_9.png,4
2019-04-04_00411_0.png,4
2019-04-04_00411_1.png,4
2019-04-04_00411_10.png,4
2019-04-04_00411_11.png,4
2019-04-04_00411_12.png,4
2019-04-04_00411_13.png,4
2019-04-04_00411_14.png,4
2019-04-04_00411_15.png,4
2019-04-04_00411_16.png,4
2019-04-04_00411_17.png,4
2019-04-04_00411_18.png,4
2019-04-04_00411_19.png,4
2019-04-04_00411_2.png,4
2019-04-04_00411_20.png,4
2019-04-04_00411_21.png,4
2019-04-04_00411_22.png,4
2019-04-04_00411_3.png,4
2019-04-04_00411_4.png,4
2019-04-04_00411_5.png,4
2019-04-04_00411_6.png,4
2019-04-04_00411_7.png,4
2019-04-04_00411_8.png,4
2019-04-04_00411_9.png,4
2019-04-04_00670_0.png,4
2019-04-04_00670_1.png,4
2019-04-04_00670_10.png,4
2019-04-04_00670_11.png,4
2019-04-04_00670_12.png,4
2019-04-04_00670_2.png,4
2019-04-04_00670_3.png,4
2019-04-04_00670_4.png,4
2019-04-04_00670_5.png,4
2019-04-04_00670_6.png,4
2019-04-04_00670_7.png,4
2019-04-04_00670_8.png,4
2019-04-04_00670_9.png,4
2019-04-04_00671_0.png,4
2019-04-04_00671_1.png,4
2019-04-04_00671_2.png,4
2019-04-04_00671_3.png,4
2019-04-21_01312_0.png,4
2019-04-21_01312_1.png,4
2019-04-21_01312_10.png,4
2019-04-21_01312_11.png,4
2019-04-21_01312_12.png,4
2019-04-21_01312_2.png,4
2019-04-21_01312_3.png,4
2019-04-21_01312_4.png,4
2019-04-21_01312_5.png,4
2019-04-21_01312_6.png,4
2019-04-21_01312_7.png,4
2019-04-21_01312_8.png,4
2019-04-21_01312_9.png,4
2019-04-21_01317_0.png,4
2019-04-21_01317_1.png,4
2019-04-21_01317_2.png,4
2019-04-21_01319_0.png,4
2019-04-21_01319_1.png,4
2019-04-21_01319_2.png,4
2019-04-21_01319_3.png,4
2019-04-22_01813_0.png,4
2019-04-22_01813_1.png,4
2019-04-22_01813_10.png,4
2019-04-22_01813_11.png,4
2019-04-22_01813_12.png,4
2019-04-22_01813_13.png,4
2019-04-22_01813_14.png,4
2019-04-22_01813_15.png,4
2019-04-22_01813_16.png,4
2019-04-22_01813_17.png,4
2019-04-22_01813_18.png,4
2019-04-22_01813_2.png,4
2019-04-22_01813_3.png,4
2019-04-22_01813_4.png,4
2019-04-22_01813_5.png,4
2019-04-22_01813_6.png,4
2019-04-22_01813_7.png,4
2019-04-22_01813_8.png,4
2019-04-22_01813_9.png,4
2019-04-22_01820_0.png,4
2019-04-22_01820_1.png,4
2019-04-22_01820_10.png,4
2019-04-22_01820_11.png,4
2019-04-22_01820_12.png,4
2019-04-22_01820_13.png,4
2019-04-22_01820_14.png,4
2019-04-22_01820_15.png,4
2019-04-22_01820_16.png,4
2019-04-22_01820_17.png,4
2019-04-22_01820_18.png,4
2019-04-22_01820_19.png,4
2019-04-22_01820_2.png,4
2019-04-22_01820_20.png,4
2019-04-22_01820_21.png,4
2019-04-22_01820_22.png,4
2019-04-22_01820_23.png,4
2019-04-22_01820_24.png,4
2019-04-22_01820_3.png,4
2019-04-22_01820_4.png,4
2019-04-22_01820_5.png,4
2019-04-22_01820_6.png,4
2019-04-22_01820_7.png,4
2019-04-22_01820_8.png,4
2019-04-22_01820_9.png,4
2019-04-22_01821_0.png,4
2019-04-22_01821_1.png,4
2019-04-22_01821_2.png,4
2019-04-22_01821_3.png,4
2019-04-22_01824_0.png,4
2019-04-22_01824_1.png,4
2019-04-22_01824_2.png,4
2019-04-22_01824_3.png,4
2019-05-28_02068_0.png,4
2019-05-28_02068_1.png,4
2019-05-28_02068_10.png,4
2019-05-28_02068_11.png,4
2019-05-28_02068_12.png,4
2019-05-28_02068_13.png,4
2019-05-28_02068_2.png,4
2019-05-28_02068_3.png,4
2019-05-28_02068_4.png,4
2019-05-28_02068_5.png,4
2019-05-28_02068_6.png,4
2019-05-28_02068_7.png,4
2019-05-28_02068_8.png,4
2019-05-28_02068_9.png,4
2019-05-28_02070_0.png,4
2019-05-28_02070_1.png,4
2019-05-28_02070_10.png,4
2019-05-28_02070_2.png,4
2019-05-28_02070_3.png,4
2019-05-28_02070_4.png,4
2019-05-28_02070_5.png,4
2019-05-28_02070_6.png,4
2019-05-28_02070_7.png,4
2019-05-28_02070_8.png,4
2019-05-28_02070_9.png,4
2019-06-22_02191_0.png,4
2019-06-22_02191_1.png,4
2019-06-22_02191_10.png,4
2019-06-22_02191_11.png,4
2019-06-22_02191_12.png,4
2019-06-22_02191_13.png,4
2019-06-22_02191_14.png,4
2019-06-22_02191_15.png,4
2019-06-22_02191_16.png,4
2019-06-22_02191_17.png,4
2019-06-22_02191_18.png,4
2019-06-22_02191_19.png,4
2019-06-22_02191_2.png,4
2019-06-22_02191_20.png,4
2019-06-22_02191_3.png,4
2019-06-22_02191_4.png,4
2019-06-22_02191_5.png,4
2019-06-22_02191_6.png,4
2019-06-22_02191_7.png,4
2019-06-22_02191_8.png,4
2019-06-22_02191_9.png,4
2019-06-22_02315_0.png,4
2019-06-22_02315_1.png,4
2019-06-22_02315_10.png,4
2019-06-22_02315_11.png,4
2019-06-22_02315_12.png,4
2019-06-22_02315_13.png,4
2019-06-22_02315_14.png,4
2019-06-22_02315_15.png,4
2019-06-22_02315_16.png,4
2019-06-22_02315_17.png,4
2019-06-22_02315_18.png,4
2019-06-22_02315_19.png,4
2019-06-22_02315_2.png,4
2019-06-22_02315_20.png,4
2019-06-22_02315_21.png,4
2019-06-22_02315_22.png,4
2019-06-22_02315_23.png,4
2019-06-22_02315_24.png,4
2019-06-22_02315_25.png,4
2019-06-22_02315_26.png,4
2019-06-22_02315_27.png,4
2019-06-22_02315_28.png,4
2019-06-22_02315_29.png,4
2019-06-22_02315_3.png,4
2019-06-22_02315_30.png,4
2019-06-22_02315_31.png,4
2019-06-22_02315_32.png,4
2019-06-22_02315_33.png,4
2019-06-22_02315_34.png,4
2019-06-22_02315_35.png,4
2019-06-22_02315_36.png,4
2019-06-22_02315_37.png,4
2019-06-22_02315_38.png,4
2019-06-22_02315_39.png,4
2019-06-22_02315_4.png,4
2019-06-22_02315_40.png,4
2019-06-22_02315_41.png,4
2019-06-22_02315_42.png,4
2019-06-22_02315_43.png,4
2019-06-22_02315_5.png,4
2019-06-22_02315_6.png,4
2019-06-22_02315_7.png,4
2019-06-22_02315_8.png,4
2019-06-22_02315_9.png,4
2019-06-22_02320_0.png,4
2019-06-22_02320_1.png,4
2019-06-22_02320_10.png,4
2019-06-22_02320_11.png,4
2019-06-22_02320_12.png,4
2019-06-22_02320_13.png,4
2019-06-22_02320_14.png,4
2019-06-22_02320_15.png,4
2019-06-22_02320_16.png,4
2019-06-22_02320_17.png,4
2019-06-22_02320_18.png,4
2019-06-22_02320_19.png,4
2019-06-22_02320_2.png,4
2019-06-22_02320_20.png,4
2019-06-22_02320_21.png,4
2019-06-22_02320_22.png,4
2019-06-22_02320_23.png,4
2019-06-22_02320_24.png,4
2019-06-22_02320_25.png,4
2019-06-22_02320_26.png,4
2019-06-22_02320_27.png,4
2019-06-22_02320_3.png,4
2019-06-22_02320_4.png,4
2019-06-22_02320_5.png,4
2019-06-22_02320_6.png,4
2019-06-22_02320_7.png,4
2019-06-22_02320_8.png,4
2019-06-22_02320_9.png,4
2019-06-25_02571_0.png,4
2019-06-25_02571_1.png,4
2019-06-25_02571_2.png,4
2019-06-25_02571_3.png,4
2019-06-25_02571_4.png,4
2019-06-25_02572_0.png,4
2019-06-25_02572_1.png,4
2019-06-25_02572_2.png,4
2019-06-25_02572_3.png,4
2019-06-25_02572_4.png,4
2019-06-25_02691_0.png,4
2019-06-25_02691_1.png,4
2019-06-25_02691_10.png,4
2019-06-25_02691_11.png,4
2019-06-25_02691_12.png,4
2019-06-25_02691_13.png,4
2019-06-25_02691_14.png,4
2019-06-25_02691_15.png,4
2019-06-25_02691_16.png,4
2019-06-25_02691_17.png,4
2019-06-25_02691_18.png,4
2019-06-25_02691_19.png,4
2019-06-25_02691_2.png,4
2019-06-25_02691_20.png,4
2019-06-25_02691_3.png,4
2019-06-25_02691_4.png,4
2019-06-25_02691_5.png,4
2019-06-25_02691_6.png,4
2019-06-25_02691_7.png,4
2019-06-25_02691_8.png,4
2019-06-25_02691_9.png,4
2019-06-25_02692_0.png,4
2019-06-25_02692_1.png,4
2019-06-25_02692_10.png,4
2019-06-25_02692_11.png,4
2019-06-25_02692_12.png,4
2019-06-25_02692_13.png,4
2019-06-25_02692_14.png,4
2019-06-25_02692_15.png,4
2019-06-25_02692_16.png,4
2019-06-25_02692_17.png,4
2019-06-25_02692_18.png,4
2019-06-25_02692_2.png,4
2019-06-25_02692_3.png,4
2019-06-25_02692_4.png,4
2019-06-25_02692_5.png,4
2019-06-25_02692_6.png,4
2019-06-25_02692_7.png,4
2019-06-25_02692_8.png,4
2019-06-25_02692_9.png,4
2019-06-25_02693_0.png,4
2019-06-25_02693_1.png,4
2019-06-25_02693_10.png,4
2019-06-25_02693_11.png,4
2019-06-25_02693_12.png,4
2019-06-25_02693_2.png,4
2019-06-25_02693_3.png,4
2019-06-25_02693_4.png,4
2019-06-25_02693_5.png,4
2019-06-25_02693_6.png,4
2019-06-25_02693_7.png,4
2019-06-25_02693_8.png,4
2019-06-25_02693_9.png,4
2019-06-25_02694_0.png,4
2019-06-25_02694_1.png,4
2019-06-25_02694_10.png,4
2019-06-25_02694_11.png,4
2019-06-25_02694_12.png,4
2019-06-25_02694_13.png,4
2019-06-25_02694_14.png,4
2019-06-25_02694_2.png,4
2019-06-25_02694_3.png,4
2019-06-25_02694_4.png,4
2019-06-25_02694_5.png,4
2019-06-25_02694_6.png,4
2019-06-25_02694_7.png,4
2019-06-25_02694_8.png,4
2019-06-25_02694_9.png,4
2019-06-25_02695_0.png,4
2019-06-25_02695_1.png,4
2019-06-25_02695_10.png,4
2019-06-25_02695_11.png,4
2019-06-25_02695_12.png,4
2019-06-25_02695_13.png,4
2019-06-25_02695_14.png,4
2019-06-25_02695_15.png,4
2019-06-25_02695_16.png,4
2019-06-25_02695_17.png,4
2019-06-25_02695_2.png,4
2019-06-25_02695_3.png,4
2019-06-25_02695_4.png,4
2019-06-25_02695_5.png,4
2019-06-25_02695_6.png,4
2019-06-25_02695_7.png,4
2019-06-25_02695_8.png,4
2019-06-25_02695_9.png,4
2019-06-25_02698_0.png,4
2019-06-25_02698_1.png,4
2019-06-25_02698_2.png,4
2019-06-25_02698_3.png,4
2019-06-25_02700_0.png,4
2019-06-25_02700_1.png,4
2019-06-25_02700_2.png,4
2019-06-25_02700_3.png,4
2019-06-25_02700_4.png,4
2019-06-25_02700_5.png,4
2019-06-25_02700_6.png,4
2019-06-25_02700_7.png,4
2019-06-26_02941_0.png,4
2019-06-26_02941_1.png,4
2019-06-26_02941_10.png,4
2019-06-26_02941_11.png,4
2019-06-26_02941_12.png,4
2019-06-26_02941_13.png,4
2019-06-26_02941_14.png,4
2019-06-26_02941_15.png,4
2019-06-26_02941_16.png,4
2019-06-26_02941_17.png,4
2019-06-26_02941_18.png,4
2019-06-26_02941_2.png,4
2019-06-26_02941_3.png,4
2019-06-26_02941_4.png,4
2019-06-26_02941_5.png,4
2019-06-26_02941_6.png,4
2019-06-26_02941_7.png,4
2019-06-26_02941_8.png,4
2019-06-26_02941_9.png,4
2019-06-26_02944_0.png,4
2019-06-26_02944_1.png,4
2019-06-26_02944_10.png,4
2019-06-26_02944_11.png,4
2019-06-26_02944_12.png,4
2019-06-26_02944_13.png,4
2019-06-26_02944_14.png,4
2019-06-26_02944_15.png,4
2019-06-26_02944_16.png,4
2019-06-26_02944_17.png,4
2019-06-26_02944_18.png,4
2019-06-26_02944_19.png,4
2019-06-26_02944_2.png,4
2019-06-26_02944_20.png,4
2019-06-26_02944_21.png,4
2019-06-26_02944_22.png,4
2019-06-26_02944_23.png,4
2019-06-26_02944_3.png,4
2019-06-26_02944_4.png,4
2019-06-26_02944_5.png,4
2019-06-26_02944_6.png,4
2019-06-26_02944_7.png,4
2019-06-26_02944_8.png,4
2019-06-26_02944_9.png,4
2019-06-26_02947_0.png,4
2019-06-26_02947_1.png,4
2019-06-26_02947_2.png,4
2019-06-26_02947_3.png,4
2019-06-26_02947_4.png,4
2019-06-29_03820_0.png,4
2019-06-29_03820_1.png,4
2019-06-29_03820_2.png,4
2019-07-17_04568_0.png,4
2019-07-17_04568_1.png,4
2019-07-17_04568_2.png,4
2019-07-17_04568_3.png,4
2019-07-17_04568_4.png,4
2019-07-17_04568_5.png,4
2019-07-17_04568_6.png,4
2019-07-17_04568_7.png,4
2019-07-17_04568_8.png,4
2019-07-17_04568_9.png,4
2019-07-17_04781_0.png,4
2019-07-17_04781_1.png,4
2019-07-17_04781_10.png,4
2019-07-17_04781_11.png,4
2019-07-17_04781_12.png,4
2019-07-17_04781_2.png,4
2019-07-17_04781_3.png,4
2019-07-17_04781_4.png,4
2019-07-17_04781_5.png,4
2019-07-17_04781_6.png,4
2019-07-17_04781_7.png,4
2019-07-17_04781_8.png,4
2019-07-17_04781_9.png,4
2019-07-17_04782_0.png,4
2019-07-17_04782_1.png,4
2019-07-17_04782_10.png,4
2019-07-17_04782_11.png,4
2019-07-17_04782_12.png,4
2019-07-17_04782_13.png,4
2019-07-17_04782_14.png,4
2019-07-17_04782_15.png,4
2019-07-17_04782_16.png,4
2019-07-17_04782_17.png,4
2019-07-17_04782_18.png,4
2019-07-17_04782_19.png,4
2019-07-17_04782_2.png,4
2019-07-17_04782_20.png,4
2019-07-17_04782_21.png,4
2019-07-17_04782_22.png,4
2019-07-17_04782_23.png,4
2019-07-17_04782_3.png,4
2019-07-17_04782_4.png,4
2019-07-17_04782_5.png,4
2019-07-17_04782_6.png,4
2019-07-17_04782_7.png,4
2019-07-17_04782_8.png,4
2019-07-17_04782_9.png,4
2019-07-18_04908_0.png,4
2019-07-18_04908_1.png,4
2019-07-18_04908_10.png,4
2019-07-18_04908_11.png,4
2019-07-18_04908_12.png,4
2019-07-18_04908_13.png,4
2019-07-18_04908_14.png,4
2019-07-18_04908_15.png,4
2019-07-18_04908_16.png,4
2019-07-18_04908_17.png,4
2019-07-18_04908_2.png,4
2019-07-18_04908_3.png,4
2019-07-18_04908_4.png,4
2019-07-18_04908_5.png,4
2019-07-18_04908_6.png,4
2019-07-18_04908_7.png,4
2019-07-18_04908_8.png,4
2019-07-18_04908_9.png,4
2019-07-18_04916_0.png,4
2019-07-18_04916_1.png,4
2019-07-18_04916_2.png,4
2019-07-18_04916_3.png,4
2019-07-18_04916_4.png,4
2019-07-18_05033_0.png,4
2019-07-18_05033_1.png,4
2019-07-18_05033_10.png,4
2019-07-18_05033_11.png,4
2019-07-18_05033_12.png,4
2019-07-18_05033_13.png,4
2019-07-18_05033_14.png,4
2019-07-18_05033_15.png,4
2019-07-18_05033_16.png,4
2019-07-18_05033_17.png,4
2019-07-18_05033_18.png,4
2019-07-18_05033_19.png,4
2019-07-18_05033_2.png,4
2019-07-18_05033_20.png,4
2019-07-18_05033_21.png,4
2019-07-18_05033_22.png,4
2019-07-18_05033_23.png,4
2019-07-18_05033_24.png,4
2019-07-18_05033_3.png,4
2019-07-18_05033_4.png,4
2019-07-18_05033_5.png,4
2019-07-18_05033_6.png,4
2019-07-18_05033_7.png,4
2019-07-18_05033_8.png,4
2019-07-18_05033_9.png,4
2019-07-18_05034_0.png,4
2019-07-18_05034_1.png,4
2019-07-18_05034_10.png,4
2019-07-18_05034_2.png,4
2019-07-18_05034_3.png,4
2019-07-18_05034_4.png,4
2019-07-18_05034_5.png,4
2019-07-18_05034_6.png,4
2019-07-18_05034_7.png,4
2019-07-18_05034_8.png,4
2019-07-18_05034_9.png,4
2019-07-18_05035_0.png,4
2019-07-18_05035_1.png,4
2019-07-18_05035_10.png,4
2019-07-18_05035_11.png,4
2019-07-18_05035_12.png,4
2019-07-18_05035_13.png,4
2019-07-18_05035_14.png,4
2019-07-18_05035_15.png,4
2019-07-18_05035_16.png,4
2019-07-18_05035_17.png,4
2019-07-18_05035_18.png,4
2019-07-18_05035_2.png,4
2019-07-18_05035_3.png,4
2019-07-18_05035_4.png,4
2019-07-18_05035_5.png,4
2019-07-18_05035_6.png,4
2019-07-18_05035_7.png,4
2019-07-18_05035_8.png,4
2019-07-18_05035_9.png,4
2019-07-18_05036_0.png,4
2019-07-18_05036_1.png,4
2019-07-18_05036_10.png,4
2019-07-18_05036_11.png,4
2019-07-18_05036_12.png,4
2019-07-18_05036_13.png,4
2019-07-18_05036_14.png,4
2019-07-18_05036_15.png,4
2019-07-18_05036_2.png,4
2019-07-18_05036_3.png,4
2019-07-18_05036_4.png,4
2019-07-18_05036_5.png,4
2019-07-18_05036_6.png,4
2019-07-18_05036_7.png,4
2019-07-18_05036_8.png,4
2019-07-18_05036_9.png,4
2019-07-18_05037_0.png,4
2019-07-18_05037_1.png,4
2019-07-18_05037_10.png,4
2019-07-18_05037_11.png,4
2019-07-18_05037_12.png,4
2019-07-18_05037_13.png,4
2019-07-18_05037_14.png,4
2019-07-18_05037_15.png,4
2019-07-18_05037_16.png,4
2019-07-18_05037_17.png,4
2019-07-18_05037_18.png,4
2019-07-18_05037_19.png,4
2019-07-18_05037_2.png,4
2019-07-18_05037_20.png,4
2019-07-18_05037_21.png,4
2019-07-18_05037_22.png,4
2019-07-18_05037_23.png,4
2019-07-18_05037_24.png,4
2019-07-18_05037_3.png,4
2019-07-18_05037_4.png,4
2019-07-18_05037_5.png,4
2019-07-18_05037_6.png,4
2019-07-18_05037_7.png,4
2019-07-18_05037_8.png,4
2019-07-18_05037_9.png,4
2019-07-18_05039_0.png,4
2019-07-18_05039_1.png,4
2019-07-18_05039_2.png,4
2019-07-18_05040_0.png,4
2019-07-18_05040_1.png,4
2019-07-18_05042_0.png,4
2019-06-22_02111_0.png,5
2019-06-22_02111_1.png,5
2019-06-22_02111_4.png,5
2019-06-22_02111_5.png,5
2019-06-22_02111_6.png,5
2019-06-22_02111_7.png,5
2019-06-22_02111_8.png,5
2019-06-22_02112_0.png,5
2019-06-22_02112_1.png,5
2019-06-22_02112_10.png,5
2019-06-22_02112_11.png,5
2019-06-22_02112_12.png,5
2019-06-22_02112_13.png,5
2019-06-22_02112_14.png,5
2019-06-22_02112_15.png,5
2019-06-22_02112_16.png,5
2019-06-22_02112_2.png,5
2019-06-22_02112_3.png,5
2019-06-22_02112_4.png,5
2019-06-22_02112_5.png,5
2019-06-22_02112_6.png,5
2019-06-22_02112_7.png,5
2019-06-22_02112_8.png,5
2019-06-22_02112_9.png,5
2019-06-22_02113_0.png,5
2019-06-22_02113_1.png,5
2019-06-22_02113_10.png,5
2019-06-22_02113_11.png,5
2019-06-22_02113_12.png,5
2019-06-22_02113_13.png,5
2019-06-22_02113_14.png,5
2019-06-22_02113_15.png,5
2019-06-22_02113_16.png,5
2019-06-22_02113_17.png,5
2019-06-22_02113_18.png,5
2019-06-22_02113_19.png,5
2019-06-22_02113_2.png,5
2019-06-22_02113_20.png,5
2019-06-22_02113_21.png,5
2019-06-22_02113_22.png,5
2019-06-22_02113_23.png,5
2019-06-22_02113_24.png,5
2019-06-22_02113_25.png,5
2019-06-22_02113_26.png,5
2019-06-22_02113_27.png,5
2019-06-22_02113_3.png,5
2019-06-22_02113_4.png,5
2019-06-22_02113_5.png,5
2019-06-22_02113_6.png,5
2019-06-22_02113_7.png,5
2019-06-22_02113_8.png,5
2019-06-22_02113_9.png,5
2019-06-25_02364_0.png,5
2019-06-25_02364_1.png,5
2019-06-25_02364_10.png,5
2019-06-25_02364_11.png,5
2019-06-25_02364_12.png,5
2019-06-25_02364_13.png,5
2019-06-25_02364_14.png,5
2019-06-25_02364_2.png,5
2019-06-25_02364_3.png,5
2019-06-25_02364_4.png,5
2019-06-25_02364_5.png,5
2019-06-25_02364_6.png,5
2019-06-25_02364_7.png,5
2019-06-25_02364_8.png,5
2019-06-25_02364_9.png,5
2019-06-25_02368_0.png,5
2019-06-25_02368_1.png,5
2019-06-25_02368_2.png,5
2019-06-25_02368_3.png,5
2019-06-25_02368_4.png,5
2019-06-25_02368_5.png,5
2019-06-25_02368_6.png,5
2019-06-25_02368_7.png,5
2019-06-25_02368_8.png,5
2019-06-25_02368_9.png,5
2019-06-25_02369_0.png,5
2019-06-25_02369_1.png,5
2019-06-25_02369_2.png,5
2019-06-25_02369_3.png,5
2019-06-25_02369_4.png,5
2019-06-25_02369_5.png,5
2019-06-25_02369_6.png,5
2019-06-25_02369_7.png,5
2019-06-25_02369_8.png,5
2019-06-25_02369_9.png,5
2019-06-26_02995_0.png,5
2019-06-26_02995_1.png,5
2019-06-26_02995_2.png,5
2019-06-26_02995_3.png,5
2019-06-26_02995_4.png,5
2019-06-26_02995_5.png,5
